Modelo,AUC-ROC,F1,Accuracy,Sharpe,Sortino,MaxDD%,WinRate%,RetAcum%
A - Baseline,0.5363006154842889,0.41995841995842,0.5017857142857143,0.2307,0.1617,-27.15,58.43,41.02
B1_attention,0.513067703271785,0.30071599045346065,0.4767857142857143,0.9132,0.6975,-9.89,60.58,78.34
B2_conv1d_lstm,0.48676384839650155,0.6471371504660453,0.5267857142857143,1.1148,1.4505,-22.69,54.82,159.51
B3_bidirectional,0.548377065111759,0.5778491171749599,0.5303571428571429,1.4363,1.6548,-19.01,56.49,197.16
B4_lstm_gru,0.5082021379980564,0.6950182260024301,0.5517857142857143,1.1666,1.5894,-26.53,55.51,192.45
