{
  "cls_accuracy": 0.4928571428571429,
  "cls_precision": 0.5288135593220339,
  "cls_recall": 0.5182724252491694,
  "cls_f1_score": 0.5234899328859061,
  "cls_auc_roc": 0.5052912428327712,
  "cls_log_loss": 0.698130311762967,
  "bt_retorno_acumulado_pct": 39.23,
  "bt_retorno_bh_pct": 84.98,
  "bt_cagr_pct": 16.06,
  "bt_sharpe_ratio": 0.2014,
  "bt_sortino_ratio": 0.2063,
  "bt_max_drawdown_pct": -21.92,
  "bt_win_rate_pct": 52.2,
  "bt_profit_factor": 1.2387,
  "bt_calmar_ratio": 0.7325,
  "bt_n_trades": 72,
  "bt_n_days": 560
}