{
  "accuracy": 0.46964285714285714,
  "precision": 0.5204081632653061,
  "recall": 0.16943521594684385,
  "f1_score": 0.2556390977443609,
  "auc_roc": 0.4739029489860055,
  "log_loss": 0.7050697065294301
}