{
  "accuracy": 0.4928571428571429,
  "precision": 0.5288135593220339,
  "recall": 0.5182724252491694,
  "f1_score": 0.5234899328859061,
  "auc_roc": 0.5052912428327712,
  "log_loss": 0.698130311762967
}